box_img_group,label,IoU,sample_size,F1,Precision,Recall
0.05~0.10,Brain @ MR,0.655093,78,0.773091,0.879615,0.732239
0.05~0.10,Brain Tumor/Lesion @ MR,0.518355,402,0.623681,0.833104,0.55875
0.05~0.10,Heart @ US,0.738276,345,0.837371,0.87772,0.828165
0.05~0.10,Kidney @ CT,0.836161,51,0.901033,0.899536,0.909471
0.05~0.10,Kidney Tumor/Lesion @ CT,0.502533,133,0.613896,0.834612,0.535161
0.05~0.10,Knee Bone @ MR,0.88639,71,0.936516,0.936685,0.939471
0.05~0.10,Knee Soft Tissue @ MR,0.332932,162,0.45025,0.576966,0.387698
0.05~0.10,Liver @ CT,0.928213,195,0.960327,0.96089,0.965908
0.05~0.10,Liver Tumor/Lesion @ CT,0.673519,51,0.771068,0.914604,0.718618
0.05~0.10,Miscellaneous Tumor/Lesion @ CT,0.045662,1,0.087336,1.0,0.045662
0.05~0.10,Others @ CT,0.099841,20,0.178545,0.632023,0.1072
0.05~0.10,Pancreas @ CT,0.686303,82,0.771728,0.972452,0.70593
0.05~0.10,Prostate @ MR,0.859008,17,0.922817,0.909966,0.94392
0.05~0.10,Spleen @ CT,0.953373,109,0.975863,0.967773,0.985099
0.05~0.10,Stomach @ CT,0.843408,40,0.902693,0.969158,0.868173
0.05~0.10,Urinary System @ CT,0.342646,12,0.490858,0.991799,0.34532
0.05~0.10,Vein @ CT,0.277804,34,0.35195,0.868508,0.27885
0.10~0.15,Brain @ MR,0.723607,50,0.795357,0.949967,0.771735
0.10~0.15,Brain Tumor/Lesion @ MR,0.506388,32,0.624231,0.853703,0.527059
0.10~0.15,Heart @ US,0.777499,172,0.869851,0.923574,0.836455
0.10~0.15,Kidney @ CT,0.880688,52,0.935208,0.942879,0.935051
0.10~0.15,Kidney Tumor/Lesion @ CT,0.645539,18,0.747931,0.978357,0.656269
0.10~0.15,Knee Bone @ MR,0.943166,180,0.969887,0.978904,0.962097
0.10~0.15,Liver @ CT,0.953358,195,0.975764,0.979566,0.973302
0.10~0.15,Liver Tumor/Lesion @ CT,0.393169,16,0.472905,0.974512,0.413788
0.10~0.15,Pancreas @ CT,0.71145,3,0.82918,0.998049,0.7123
0.10~0.15,Spleen @ CT,0.971241,8,0.985375,0.992289,0.978642
0.10~0.15,Stomach @ CT,0.914305,19,0.954397,0.967346,0.942959
0.10~0.15,Vein @ CT,0.082201,10,0.148306,0.951862,0.082574
0.15~0.20,Brain @ MR,0.875966,83,0.93308,0.924883,0.946371
0.15~0.20,Brain Tumor/Lesion @ MR,0.307122,4,0.467198,0.96143,0.310747
0.15~0.20,Heart @ US,0.811724,143,0.893767,0.94783,0.853329
0.15~0.20,Kidney @ CT,0.925563,60,0.960764,0.961568,0.962222
0.15~0.20,Kidney Tumor/Lesion @ CT,0.832207,20,0.907399,0.985097,0.844008
0.15~0.20,Knee Bone @ MR,0.948155,122,0.972171,0.987707,0.960145
0.15~0.20,Liver @ CT,0.957848,261,0.978046,0.981396,0.975885
0.15~0.20,Liver Tumor/Lesion @ CT,0.535451,5,0.666396,1.0,0.535451
0.15~0.20,Stomach @ CT,0.831146,7,0.902366,0.947027,0.866557
0.20~0.25,Brain @ MR,0.886221,67,0.936963,0.960679,0.922549
0.20~0.25,Heart @ US,0.835853,116,0.908934,0.963481,0.867513
0.20~0.25,Kidney @ CT,0.931898,74,0.964357,0.967759,0.962385
0.20~0.25,Kidney Tumor/Lesion @ CT,0.76131,33,0.831612,0.971173,0.780732
0.20~0.25,Knee Bone @ MR,0.959838,75,0.979378,0.988038,0.97122
0.20~0.25,Liver @ CT,0.967074,201,0.982661,0.984918,0.981704
0.25~0.30,Brain @ MR,0.907457,84,0.948691,0.970479,0.935243
0.25~0.30,Heart @ US,0.849677,50,0.917125,0.955923,0.889904
0.25~0.30,Kidney @ CT,0.941005,91,0.969007,0.969289,0.970412
0.25~0.30,Knee Bone @ MR,0.968497,150,0.983904,0.990182,0.977927
0.25~0.30,Liver @ CT,0.962547,66,0.980433,0.984345,0.97759
0.30~0.35,Brain @ MR,0.915719,48,0.955688,0.99197,0.922916
0.30~0.35,Heart @ US,0.857965,41,0.922182,0.980314,0.874988
0.30~0.35,Kidney @ CT,0.914399,130,0.951806,0.973073,0.9396
0.30~0.35,Knee Bone @ MR,0.969439,139,0.984415,0.98621,0.982931
0.30~0.35,Liver @ CT,0.972797,23,0.986187,0.991836,0.980759
0.35~0.40,Brain @ MR,0.952433,12,0.975559,0.991594,0.960464
0.35~0.40,Heart @ US,0.880377,14,0.936067,0.961896,0.913705
0.35~0.40,Kidney @ CT,0.918731,44,0.955903,0.962872,0.95199
0.35~0.40,Knee Bone @ MR,0.976569,57,0.988111,0.99138,0.985056
0.40~0.45,Brain @ MR,0.941473,10,0.969841,1.0,0.941473
0.40~0.45,Heart @ US,0.844092,8,0.914408,0.969377,0.868276
0.40~0.45,Kidney @ CT,0.932749,28,0.964332,0.984509,0.946094
0.40~0.45,Knee Bone @ MR,0.980205,53,0.98999,0.990172,0.989846
0.45~0.50,Heart @ US,0.81878,3,0.900242,0.944712,0.860042
0.45~0.50,Kidney @ CT,0.954983,12,0.976905,0.981107,0.97292
<0.05,Adrenal Gland @ CT,0.20175,128,0.298462,0.332051,0.315065
<0.05,Artery @ CT,0.852543,792,0.908274,0.902592,0.91802
<0.05,Artery @ MR,0.449388,1000,0.54759,0.516604,0.638531
<0.05,Brain @ MR,0.440096,568,0.554328,0.583513,0.609505
<0.05,Brain Tumor/Lesion @ MR,0.381624,3809,0.470849,0.47547,0.553693
<0.05,Colon Tumor/Lesion @ CT,0.335372,322,0.401511,0.442907,0.41286
<0.05,Esophagus @ CT,0.451228,161,0.569412,0.580874,0.580738
<0.05,Gallbladder @ CT,0.603858,119,0.695038,0.716735,0.72792
<0.05,Head-Neck @ MR,0.0,24,0.0,0.0,0.0
<0.05,Head-Neck Tumor/Lesion @ MR,0.330262,637,0.401274,0.387208,0.575651
<0.05,Heart @ MR,0.607272,274,0.702354,0.680616,0.787233
<0.05,Heart @ US,0.554642,108,0.660216,0.63134,0.744555
<0.05,Intestine @ CT,0.397726,75,0.52871,0.603309,0.575469
<0.05,Kidney @ CT,0.85526,1146,0.901219,0.904666,0.909705
<0.05,Kidney Tumor/Lesion @ CT,0.396976,719,0.489805,0.575366,0.483072
<0.05,Knee Bone @ MR,0.732284,43,0.789045,0.766059,0.822528
<0.05,Knee Soft Tissue @ MR,0.460774,948,0.565047,0.589735,0.624877
<0.05,Liver @ CT,0.768167,613,0.832654,0.823711,0.868852
<0.05,Liver Tumor/Lesion @ CT,0.403759,1098,0.496922,0.556821,0.526494
<0.05,Lung Tumor/Lesion @ CT,0.306369,362,0.374613,0.419553,0.377772
<0.05,Metastatic Lymph Node @ MR,0.303883,627,0.367172,0.370489,0.414127
<0.05,Miscellaneous Tumor/Lesion @ CT,0.172535,999,0.235395,0.280873,0.244676
<0.05,Others @ CT,0.262544,28,0.360763,0.394592,0.381176
<0.05,Pancreas @ CT,0.621467,1151,0.729231,0.779307,0.742209
<0.05,Pancreas Tumor/Lesion @ CT,0.278582,245,0.387559,0.354005,0.50982
<0.05,Prostate @ MR,0.521222,168,0.63635,0.5588,0.83357
<0.05,Spleen @ CT,0.89694,911,0.93862,0.928432,0.958358
<0.05,Stomach @ CT,0.810739,207,0.874531,0.897505,0.870815
<0.05,Urinary System @ CT,0.493914,33,0.575615,0.574455,0.667522
<0.05,Vein @ CT,0.677878,864,0.754437,0.747164,0.779236
